Accession,ExhibitType,URL,Method,Success,SubsidiaryCount,MaxNestingLevel,HasNested,ErrorMessage
000100022825000014,EX-21,"https://www.sec.gov/Archives/edgar/data/1000228/000100022825000014/exhibit211.htm",Heuristic,true,35,1,true,
000143774925029909,EX-21,"https://www.sec.gov/Archives/edgar/data/1001907/000143774925029909/ex/831011.htm",Heuristic,true,11,2,true,
000100307825000123,EX-21,"https://www.sec.gov/Archives/edgar/data/1003078/000100307825000123/fy25exhibit211.htm",Heuristic,true,30,1,true,
000143774925017409,EX-21,"https://www.sec.gov/Archives/edgar/data/1004989/000143774925017409/ex/751599.htm",Heuristic,true,17,1,true,
000155837025004847,EX-21,"https://www.sec.gov/Archives/edgar/data/1011509/000155837025004847/aumn-20241231xex21d1.htm",Heuristic,true,6,1,true,
000155837025001823,EX-21,"https://www.sec.gov/Archives/edgar/data/1013880/000155837025001823/ttec-20241231xex21d1.htm",Heuristic,true,31,1,true,
000010203725000028,EX-21,"https://www.sec.gov/Archives/edgar/data/102037/000010203725000028/uvv-exhibit21x03312025.htm",Heuristic,true,31,1,true,
000155837025001271,EX-21,"https://www.sec.gov/Archives/edgar/data/1022344/000155837025001271/spg-20241231xex21d1.htm",Heuristic,true,14,1,true,
000107997325000156,EX-21,"https://www.sec.gov/Archives/edgar/data/1031093/000107997325000156/ex21x.htm",Heuristic,true,8,1,true,
000155837025001001,EX-21,"https://www.sec.gov/Archives/edgar/data/103145/000155837025001001/veco-20241231xex21d1.htm",Heuristic,true,15,1,true,
000103222025000053,EX-21,"https://www.sec.gov/Archives/edgar/data/1032220/000103222025000053/a211-mmsx2025x09x30xxex211.htm",Heuristic,true,24,1,true,
000103297525000029,EX-21,"https://www.sec.gov/Archives/edgar/data/1032975/000103297525000029/exhibit21110k-2025.htm",Heuristic,true,7,1,true,
000103939925000023,EX-21,"https://www.sec.gov/Archives/edgar/data/1039399/000103939925000023/a10-kxformxex211x2024.htm",Heuristic,true,8,1,true,
000093905725000159,EX-21,"https://www.sec.gov/Archives/edgar/data/1041368/000093905725000159/rvsb-20250331xex21.htm",Heuristic,true,3,1,true,
000104712725000030,EX-21,"https://www.sec.gov/Archives/edgar/data/1047127/000104712725000030/amkr123124ex211.htm",Heuristic,true,19,2,true,
000119312525041730,EX-21,"https://www.sec.gov/Archives/edgar/data/105016/000119312525041730/d898605dex211.htm",Heuristic,true,21,1,true,
000105091525000005,EX-21,"https://www.sec.gov/Archives/edgar/data/1050915/000105091525000005/pwr-ex211x12312024.htm",Heuristic,true,30,1,true,
000010513225000067,EX-21,"https://www.sec.gov/Archives/edgar/data/105132/000010513225000067/wdfc-20250831xex21.htm",Heuristic,true,13,1,true,
000143774925008584,EX-21,"https://www.sec.gov/Archives/edgar/data/1061069/000143774925008584/ex/788424.htm",Heuristic,true,19,1,true,
000095017025021359,EX-21,"https://www.sec.gov/Archives/edgar/data/1066247/000095017025021359/reg-ex21.htm",Heuristic,true,36,1,true,
000106770125000008,EX-21,"https://www.sec.gov/Archives/edgar/data/1067701/000106770125000008/uri-2024123110kex21.htm",Heuristic,true,29,1,true,
000162828025004859,EX-21,"https://www.sec.gov/Archives/edgar/data/1069202/000162828025004859/lii-ex211/20241231x10k.htm",Heuristic,true,10,1,true,
000155837025011776,EX-21,"https://www.sec.gov/Archives/edgar/data/1069899/000155837025011776/pahc-20250630xex21d1.htm",Heuristic,true,50,1,true,
000107042325000006,EX-21,"https://www.sec.gov/Archives/edgar/data/1070423/000107042325000006/paa202410-kexhibit211.htm",Heuristic,true,42,1,true,
000108476525000115,EX-21,"https://www.sec.gov/Archives/edgar/data/1084765/000108476525000115/exhibit211-listofsubsidiar.htm",Heuristic,true,28,1,true,
000109269925000011,EX-21,"https://www.sec.gov/Archives/edgar/data/1092699/000109269925000011/a2024/xex211-subsidiarylist.htm",Heuristic,true,28,2,true,
000109980025000005,EX-21,"https://www.sec.gov/Archives/edgar/data/1099800/000109980025000005/ex-21110xkq42024.htm",Heuristic,true,4,1,true,
000110450625000009,EX-21,"https://www.sec.gov/Archives/edgar/data/1104506/000110450625000009/insm20241231ex211.htm",Heuristic,true,13,1,true,
000011047125000046,EX-21,"https://www.sec.gov/Archives/edgar/data/110471/000011047125000046/a2024-q4ex21subsidiaries.htm",Heuristic,true,42,1,true,
000110813425000003,EX-21,"https://www.sec.gov/Archives/edgar/data/1108134/000110813425000003/ex212024.htm",Heuristic,true,21,2,true,
000143774925012234,EX-21,"https://www.sec.gov/Archives/edgar/data/1113809/000143774925012234/ex/757856.htm",Heuristic,true,8,1,true,
000168316825006532,EX-21,"https://www.sec.gov/Archives/edgar/data/1114925/000168316825006532/lantronix/ex2101.htm",Heuristic,true,5,1,true,
000111505525000042,EX-21,"https://www.sec.gov/Archives/edgar/data/1115055/000111505525000042/exhibit21112312024.htm",Heuristic,true,30,1,true,
000143774925006301,EX-21,"https://www.sec.gov/Archives/edgar/data/1120370/000143774925006301/ex/726540.htm",Heuristic,true,3,1,true,
000117184325001472,EX-21,"https://www.sec.gov/Archives/edgar/data/1123494/000117184325001472/ex/785422.htm",Heuristic,true,10,1,true,
000112479625000021,EX-21,"https://www.sec.gov/Archives/edgar/data/1124796/000112479625000021/exhibit211-q4202410xk.htm",Heuristic,true,7,1,true,
000155837025010334,EX-21,"https://www.sec.gov/Archives/edgar/data/1157408/000155837025010334/lrn-20250630xex21d1.htm",Heuristic,true,5,1,true,
000143774925005637,EX-21,"https://www.sec.gov/Archives/edgar/data/1158895/000143774925005637/ex/780711.htm",Heuristic,true,19,1,true,
000116600325000017,EX-21,"https://www.sec.gov/Archives/edgar/data/1166003/000116600325000017/xpo202410-kexx21.htm",Heuristic,true,11,1,true,
000143774925007990,EX-21,"https://www.sec.gov/Archives/edgar/data/1175535/000143774925007990/ex/752901.htm",Heuristic,true,53,1,true,
000155837025001402,EX-21,"https://www.sec.gov/Archives/edgar/data/1192448/000155837025001402/gkos-20241231xex21.htm",Heuristic,true,18,1,true,
000120626425000058,EX-21,"https://www.sec.gov/Archives/edgar/data/1206264/000120626425000058/exhibit211-tpxx2023subsidi.htm",Heuristic,true,39,1,true,
000101376225004161,EX-21,"https://www.sec.gov/Archives/edgar/data/1218683/000101376225004161/ea023433201ex21-1/mawson.htm",Heuristic,true,16,1,true,
000123024525000038,EX-21,"https://www.sec.gov/Archives/edgar/data/1230245/000123024525000038/pscq42024ex211.htm",Heuristic,true,44,2,true,
000126282325000011,EX-21,"https://www.sec.gov/Archives/edgar/data/1262823/000126282325000011/exhibit2112312410-k.htm",Heuristic,true,33,1,true,
000155837025001023,EX-21,"https://www.sec.gov/Archives/edgar/data/1265131/000155837025001023/hth-20241231xex21d1.htm",Heuristic,true,33,1,true,
000127368525000028,EX-21,"https://www.sec.gov/Archives/edgar/data/1273685/000127368525000028/ex211december2024.htm",Heuristic,true,7,1,true,
000137647425000498,EX-21,"https://www.sec.gov/Archives/edgar/data/1276531/000137647425000498/se/ex21.htm",Heuristic,true,11,1,true,
000155837025004183,EX-21,"https://www.sec.gov/Archives/edgar/data/1282648/000155837025004183/batl-20241231xex21d1.htm",Heuristic,true,8,2,true,
000128481225000087,EX-21,"https://www.sec.gov/Archives/edgar/data/1284812/000128481225000087/cns10k-123124ex211.htm",Heuristic,true,7,1,true,
000155837025002721,EX-21,"https://www.sec.gov/Archives/edgar/data/1287098/000155837025002721/mxct-20241231xex21d1.htm",Heuristic,true,2,1,true,
000162828025009060,EX-21,"https://www.sec.gov/Archives/edgar/data/1289490/000162828025009060/q4202410kex211.htm",Heuristic,true,1,1,true,
000155837025003706,EX-21,"https://www.sec.gov/Archives/edgar/data/1290476/000155837025003706/vbfc-20241231xex21.htm",Heuristic,true,6,1,true,
000143774925004205,EX-21,"https://www.sec.gov/Archives/edgar/data/1307954/000143774925004205/ex/705564.htm",Heuristic,true,47,2,true,
000095017025038692,EX-21,"https://www.sec.gov/Archives/edgar/data/1318008/000095017025038692/zumz-ex21/1.htm",Heuristic,true,20,1,true,
000155837025004897,EX-21,"https://www.sec.gov/Archives/edgar/data/1318484/000155837025004897/ctrn-20250201xex21d1.htm",Heuristic,true,1,1,true,
000162828025006833,EX-21,"https://www.sec.gov/Archives/edgar/data/1320414/000162828025006833/sem-1231202410kex211.htm",Heuristic,true,44,2,true,
000155837025001925,EX-21,"https://www.sec.gov/Archives/edgar/data/1323468/000155837025001925/glp-20241231xex21d1.htm",Heuristic,true,12,1,true,
000133152025000076,EX-21,"https://www.sec.gov/Archives/edgar/data/1331520/000133152025000076/exhibit21120241231-10k.htm",Heuristic,true,13,1,true,
000133398625000011,EX-21,"https://www.sec.gov/Archives/edgar/data/1333986/000133398625000011/eqh-12312024exhibit211.htm",Heuristic,true,39,1,true,
000143774925029761,EX-21,"https://www.sec.gov/Archives/edgar/data/1334933/000143774925029761/ex/832014.htm",Heuristic,true,13,1,true,
000135657625000017,EX-21,"https://www.sec.gov/Archives/edgar/data/1356576/000135657625000017/supn-ex21.htm",Heuristic,true,7,1,true,
000135761525000018,EX-21,"https://www.sec.gov/Archives/edgar/data/1357615/000135761525000018/kbr-ex211x1032025.htm",Heuristic,true,31,1,true,
000155837025001397,EX-21,"https://www.sec.gov/Archives/edgar/data/1361538/000155837025001397/prim-20241231xex21d1.htm",Heuristic,true,37,1,true,
000136686825000033,EX-21,"https://www.sec.gov/Archives/edgar/data/1366868/000136686825000033/gsat-20241231xexx211.htm",Heuristic,true,38,1,true,
000155837025001390,EX-21,"https://www.sec.gov/Archives/edgar/data/1368265/000155837025001390/clne-20241231xex21d1.htm",Heuristic,true,3,1,true,
000155837025002429,EX-21,"https://www.sec.gov/Archives/edgar/data/1370450/000155837025002429/wldn-20241227xex21d1.htm",Heuristic,true,10,1,true,
000138119725000036,EX-21,"https://www.sec.gov/Archives/edgar/data/1381197/000138119725000036/ibkr-20241231xex21/1.htm",Heuristic,true,1,1,true,
000143774925029723,EX-21,"https://www.sec.gov/Archives/edgar/data/1385818/000143774925029723/ex/820735.htm",Heuristic,true,6,1,true,
000162828025041297,EX-21,"https://www.sec.gov/Archives/edgar/data/1387467/000162828025041297/aoslex211fy2025listofsubsi.htm",Heuristic,true,17,1,true,
000138865825000028,EX-21,"https://www.sec.gov/Archives/edgar/data/1388658/000138865825000028/a211listofsubsidiaries/.htm",Heuristic,true,5,1,true,
000095017025023983,EX-21,"https://www.sec.gov/Archives/edgar/data/1389170/000095017025023983/trgp-ex21/1.htm",Heuristic,true,14,1,true,
000155837025003810,EX-21,"https://www.sec.gov/Archives/edgar/data/1403568/000155837025003810/ulta-20250201xex21.htm",Heuristic,true,5,1,true,
000140666625000008,EX-21,"https://www.sec.gov/Archives/edgar/data/1406666/000140666625000008/calx-20241231xex211subsidi.htm",Heuristic,true,6,1,true,
000095017025045214,EX-21,"https://www.sec.gov/Archives/edgar/data/1407973/000095017025045214/sonx-ex21/1.htm",Heuristic,true,2,1,true,
000140917125000027,EX-21,"https://www.sec.gov/Archives/edgar/data/1409171/000140917125000027/a10kfy25ex211.htm",Heuristic,true,16,1,true,
000141210025000011,EX-21,"https://www.sec.gov/Archives/edgar/data/1412100/000141210025000011/q42024ex211subsidiariesofr.htm",Heuristic,true,20,2,true,
000121390025026353,EX-21,"https://www.sec.gov/Archives/edgar/data/1413891/000121390025026353/ea023602801ex21-1/highwire.htm",Heuristic,true,4,1,true,
000143366025000009,EX-21,"https://www.sec.gov/Archives/edgar/data/1433660/000143366025000009/a123124-jbtexhibit211.htm",Heuristic,true,42,1,true,
000147793225001897,EX-21,"https://www.sec.gov/Archives/edgar/data/1437925/000147793225001897/gmgi/ex211.htm",Heuristic,true,28,1,true,
000095017025037891,EX-21,"https://www.sec.gov/Archives/edgar/data/1442236/000095017025037891/qrhc-ex21/1.htm",Heuristic,true,7,1,true,
000144889325000009,EX-21,"https://www.sec.gov/Archives/edgar/data/1448893/000144889325000009/a123124ex211.htm",Heuristic,true,38,1,true,
000147968125000006,EX-21,"https://www.sec.gov/Archives/edgar/data/1479681/000147968125000006/nutx-20241231xex21d1.htm",Heuristic,true,4,1,true,
000001484625000005,EX-21,"https://www.sec.gov/Archives/edgar/data/14846/000001484625000005/exhibit211123124.htm",Heuristic,true,43,1,true,
000148813925000018,EX-21,"https://www.sec.gov/Archives/edgar/data/1488139/000148813925000018/amrc/20241231x10-kxex211.htm",Heuristic,true,45,1,true,
000149359425000054,EX-21,"https://www.sec.gov/Archives/edgar/data/1493594/000149359425000054/ex21110-k2025.htm",Heuristic,true,23,1,true,
000155837025001503,EX-21,"https://www.sec.gov/Archives/edgar/data/1497770/000155837025001503/wd-20241231xex21.htm",Heuristic,true,42,1,true,
000149983225000040,EX-21,"https://www.sec.gov/Archives/edgar/data/1499832/000149983225000040/exhibit211-listofsubsidiar.htm",Heuristic,true,44,3,true,
000150446125000014,EX-21,"https://www.sec.gov/Archives/edgar/data/1504461/000150446125000014/ex21103312510k.htm",Heuristic,true,39,1,true,
000151470525000004,EX-21,"https://www.sec.gov/Archives/edgar/data/1514705/000151470525000004/sxc-202410xkex211.htm",Heuristic,true,26,1,true,
000095017025029095,EX-21,"https://www.sec.gov/Archives/edgar/data/1520697/000095017025029095/achc-ex21.htm",Heuristic,true,17,1,true,
000162828025017352,EX-21,"https://www.sec.gov/Archives/edgar/data/1524025/000162828025017352/fy2024exhibit211.htm",Heuristic,true,1,1,true,
000162828025016941,EX-21,"https://www.sec.gov/Archives/edgar/data/1525769/000162828025016941/a202410-kexhibit211.htm",Heuristic,true,49,2,true,
000095017025023736,EX-21,"https://www.sec.gov/Archives/edgar/data/1526520/000095017025023736/trip-ex21/1.htm",Heuristic,true,18,1,true,
000152746925000016,EX-21,"https://www.sec.gov/Archives/edgar/data/1527469/000152746925000016/q42024exhibit211.htm",Heuristic,true,46,1,true,
000121390025024009,EX-21,"https://www.sec.gov/Archives/edgar/data/1528356/000121390025024009/ex211/3.htm",Heuristic,true,15,1,true,
000152839625000221,EX-21,"https://www.sec.gov/Archives/edgar/data/1528396/000152839625000221/gwreex211-10kfy25.htm",Heuristic,true,21,1,true,
000095017025022244,EX-21,"https://www.sec.gov/Archives/edgar/data/1529864/000095017025022244/enva-ex21/1.htm",Heuristic,true,50,2,true,
000095017025033855,EX-21,"https://www.sec.gov/Archives/edgar/data/1538990/000095017025033855/ck0001538990-ex21.htm",Heuristic,true,51,1,true,
000154565425000005,EX-21,"https://www.sec.gov/Archives/edgar/data/1545654/000154565425000005/a2024ex211subsidiarieslist.htm",Heuristic,true,42,1,true,
000154934625000011,EX-21,"https://www.sec.gov/Archives/edgar/data/1549346/000154934625000011/a10-k/2024xq4exhibit211.htm",Heuristic,true,43,2,true,
000143774925009799,EX-21,"https://www.sec.gov/Archives/edgar/data/1550453/000143774925009799/ex/730003.htm",Heuristic,true,17,1,true,
000155837025002455,EX-21,"https://www.sec.gov/Archives/edgar/data/1552198/000155837025002455/whf-20241231xex21d1.htm",Heuristic,true,6,1,true,
000121390025023259,EX-21,"https://www.sec.gov/Archives/edgar/data/1560258/000121390025023259/ex211/3.htm",Heuristic,true,2,1,true,
000143774925005687,EX-21,"https://www.sec.gov/Archives/edgar/data/1569994/000143774925005687/ex/750976.htm",Heuristic,true,4,1,true,
000157694025000006,EX-21,"https://www.sec.gov/Archives/edgar/data/1576940/000157694025000006/ccs-20241231xex21/1.htm",Heuristic,true,34,1,true,
000158199025000006,EX-21,"https://www.sec.gov/Archives/edgar/data/1581990/000158199025000006/pagp202410-kexhibit211.htm",Heuristic,true,45,1,true,
000095017025038326,EX-21,"https://www.sec.gov/Archives/edgar/data/1584549/000095017025038326/vff-ex21/1.htm",Heuristic,true,16,5,true,
000158568925000008,EX-21,"https://www.sec.gov/Archives/edgar/data/1585689/000158568925000008/exhibit211-subsidiarylistx.htm",Heuristic,true,44,4,true,
000155837025001699,EX-21,"https://www.sec.gov/Archives/edgar/data/1590560/000155837025001699/qure-20241231xex21d1.htm",Heuristic,true,5,1,true,
000162828025032103,EX-21,"https://www.sec.gov/Archives/edgar/data/1600438/000162828025032103/gms-20250430xex211.htm",Heuristic,true,40,2,true,
000119312525292412,EX-21,"https://www.sec.gov/Archives/edgar/data/16040/000119312525292412/cbt-ex21.htm",Heuristic,true,32,1,true,
000155837025007889,EX-21,"https://www.sec.gov/Archives/edgar/data/1610250/000155837025007889/boot-20250329xex21d1.htm",Heuristic,true,5,1,true,
000162828025008121,EX-21,"https://www.sec.gov/Archives/edgar/data/1611052/000162828025008121/pcor-fy24x10xkxexx211.htm",Heuristic,true,24,1,true,
000161164725000007,EX-21,"https://www.sec.gov/Archives/edgar/data/1611647/000161164725000007/frpt-20241231xexx211.htm",Heuristic,true,3,1,true,
000161670725000022,EX-21,"https://www.sec.gov/Archives/edgar/data/1616707/000161670725000022/a2024-12x31exx211.htm",Heuristic,true,23,1,true,
000121390025032203,EX-21,"https://www.sec.gov/Archives/edgar/data/1621906/000121390025032203/ea023745301ex21-1/western.htm",Heuristic,true,17,3,true,
000163279025000091,EX-21,"https://www.sec.gov/Archives/edgar/data/1632790/000163279025000091/exhibit21fy25listofsubsidi.htm",Heuristic,true,49,1,true,
000163788025000010,EX-21,"https://www.sec.gov/Archives/edgar/data/1637880/000163788025000010/tris-20241231x10kex211.htm",Heuristic,true,7,1,true,
000164014725000052,EX-21,"https://www.sec.gov/Archives/edgar/data/1640147/000164014725000052/ex-211snowflakefy2025q4.htm",Heuristic,true,39,1,true,
000164559025000130,EX-21,"https://www.sec.gov/Archives/edgar/data/1645590/000164559025000130/ex-21x10312025.htm",Heuristic,true,40,1,true,
000155837025001800,EX-21,"https://www.sec.gov/Archives/edgar/data/1657788/000155837025001800/krp-20241231xex21d1.htm",Heuristic,true,32,1,true,
000166591825000017,EX-21,"https://www.sec.gov/Archives/edgar/data/1665918/000166591825000017/usfd12282024ex211.htm",Heuristic,true,30,1,true,
000155837025001939,EX-21,"https://www.sec.gov/Archives/edgar/data/1669779/000155837025001939/cwh-20241231xex21d1.htm",Heuristic,true,47,1,true,
000167201325000009,EX-21,"https://www.sec.gov/Archives/edgar/data/1672013/000167201325000009/golf12312410-kexhibit211.htm",Heuristic,true,43,1,true,
000168024725000030,EX-21,"https://www.sec.gov/Archives/edgar/data/1680247/000168024725000030/exhibit211listofsubsidiari.htm",Heuristic,true,4,1,true,
000168087325000006,EX-21,"https://www.sec.gov/Archives/edgar/data/1680873/000168087325000006/a202410k-ex211.htm",Heuristic,true,37,2,true,
000117494725000304,EX-21,"https://www.sec.gov/Archives/edgar/data/1681206/000117494725000304/ex21-1.htm",Heuristic,true,7,1,true,
000155837025001154,EX-21,"https://www.sec.gov/Archives/edgar/data/1693256/000155837025001154/wttr-20241231xex21d1.htm",Heuristic,true,49,1,true,
000170160525000035,EX-21,"https://www.sec.gov/Archives/edgar/data/1701605/000170160525000035/fy24form10-kexhibit21.htm",Heuristic,true,13,1,true,
000162828025005486,EX-21,"https://www.sec.gov/Archives/edgar/data/1702780/000162828025005486/dec312024exhibit21.htm",Heuristic,true,46,1,true,
000162828025008689,EX-21,"https://www.sec.gov/Archives/edgar/data/1703057/000162828025008689/exhibit211.htm",Heuristic,true,9,1,true,
000101738625000028,EX-21,"https://www.sec.gov/Archives/edgar/data/1703157/000101738625000028/ex211.htm",Heuristic,true,2,1,true,
000114036125011607,EX-21,"https://www.sec.gov/Archives/edgar/data/1707919/000114036125011607/ef20038940/ex21-1.htm",Heuristic,true,31,1,true,
000156240125000013,EX-21,"https://www.sec.gov/Archives/edgar/data/1716558/000156240125000013/amh123124exhibit211.htm",Heuristic,true,4,1,true,
000171851225000013,EX-21,"https://www.sec.gov/Archives/edgar/data/1718512/000171851225000013/gtes-exhibit211xq42024.htm",Heuristic,true,44,1,true,
000095017025029184,EX-21,"https://www.sec.gov/Archives/edgar/data/1720116/000095017025029184/rdvt-ex21/1.htm",Heuristic,true,8,1,true,
000143774925023703,EX-21,"https://www.sec.gov/Archives/edgar/data/1731348/000143774925023703/ex/802154.htm",Heuristic,true,94,2,true,
000121390025030345,EX-21,"https://www.sec.gov/Archives/edgar/data/1734750/000121390025030345/ea022715301ex21-1/movano.htm",Heuristic,true,1,1,true,
000173956625000053,EX-21,"https://www.sec.gov/Archives/edgar/data/1739566/000173956625000053/a2024ex211subsidiariesofubi.htm",Heuristic,true,12,1,true,
000095017025024119,EX-21,"https://www.sec.gov/Archives/edgar/data/1743881/000095017025024119/bbio-ex21.htm",Heuristic,true,38,1,true,
000095017025046096,EX-21,"https://www.sec.gov/Archives/edgar/data/1750149/000095017025046096/ikt-ex21/1.htm",Heuristic,true,2,1,true,
000175353925000030,EX-21,"https://www.sec.gov/Archives/edgar/data/1753539/000175353925000030/a211-listofsubsidiaries.htm",Heuristic,true,8,1,true,
000155837025004669,EX-21,"https://www.sec.gov/Archives/edgar/data/1761510/000155837025004669/tilt-20241231xex21d1.htm",Heuristic,true,17,1,true,
000155837025002130,EX-21,"https://www.sec.gov/Archives/edgar/data/1771706/000155837025002130/vreof-20241231xex21d1.htm",Heuristic,true,21,1,true,
000143774925005526,EX-21,"https://www.sec.gov/Archives/edgar/data/1777921/000143774925005526/ex/751465.htm",Heuristic,true,29,1,true,
000178425425000004,EX-21,"https://www.sec.gov/Archives/edgar/data/1784254/000178425425000004/mdia-ex21x20241231.htm",Heuristic,true,25,1,true,
000178994025000010,EX-21,"https://www.sec.gov/Archives/edgar/data/1789940/000178994025000010/a211listofsubsidiaries2024.htm",Heuristic,true,10,1,true,
000164117225000205,EX-21,"https://www.sec.gov/Archives/edgar/data/1799011/000164117225000205/ex21-1.htm",Heuristic,true,2,1,true,
000149315225010404,EX-21,"https://www.sec.gov/Archives/edgar/data/1799332/000149315225010404/ex21-1.htm",Heuristic,true,23,1,true,
000101376225003507,EX-21,"https://www.sec.gov/Archives/edgar/data/1801602/000101376225003507/ea023028201ex21-1/springbig.htm",Heuristic,true,4,1,true,
000180391425000030,EX-21,"https://www.sec.gov/Archives/edgar/data/1803914/000180391425000030/plby10kexhibit211fy202410k.htm",Heuristic,true,22,1,true,
000149315225009445,EX-21,"https://www.sec.gov/Archives/edgar/data/1812727/000149315225009445/ex21-1.htm",Heuristic,true,9,1,true,
000121390025032266,EX-21,"https://www.sec.gov/Archives/edgar/data/1817511/000121390025032266/ea023722201ex21-1/society.htm",Heuristic,true,29,1,true,
000181914225000017,EX-21,"https://www.sec.gov/Archives/edgar/data/1819142/000181914225000017/ses-20241231xex21d1.htm",Heuristic,true,7,1,true,
000181998925000005,EX-21,"https://www.sec.gov/Archives/edgar/data/1819989/000181998925000005/exh211subsidiaries.htm",Heuristic,true,14,1,true,
000182247925000015,EX-21,"https://www.sec.gov/Archives/edgar/data/1822479/000182247925000015/shc20241231/exhibitx21x1.htm",Heuristic,true,42,1,true,
000095017025048724,EX-21,"https://www.sec.gov/Archives/edgar/data/1823466/000095017025048724/note-ex21/1.htm",Heuristic,true,17,1,true,
000095017025039495,EX-21,"https://www.sec.gov/Archives/edgar/data/1826600/000095017025039495/mntk-ex21/1.htm",Heuristic,true,28,1,true,
000182897225000073,EX-21,"https://www.sec.gov/Archives/edgar/data/1828972/000182897225000073/ex-211xsubsidiariesofbuzzf.htm",Heuristic,true,27,1,true,
000162828025009448,EX-21,"https://www.sec.gov/Archives/edgar/data/1831840/000162828025009448/exhibit21112312024.htm",Heuristic,true,16,1,true,
000001834925000049,EX-21,"https://www.sec.gov/Archives/edgar/data/18349/000001834925000049/snv/12312024xfilingxex211.htm",Heuristic,true,34,4,true,
000183563225000057,EX-21,"https://www.sec.gov/Archives/edgar/data/1835632/000183563225000057/mrvl-212025exhibit211.htm",Heuristic,true,41,1,true,
000183683325000050,EX-21,"https://www.sec.gov/Archives/edgar/data/1836833/000183683325000050/a211listofsubsidiaries.htm",Heuristic,true,12,2,true,
000155837025002499,EX-21,"https://www.sec.gov/Archives/edgar/data/1838359/000155837025002499/rgti-20241231xex21d1.htm",Heuristic,true,6,1,true,
000186074225000004,EX-21,"https://www.sec.gov/Archives/edgar/data/1860742/000186074225000004/exhibit211ye2024.htm",Heuristic,true,39,1,true,
000121390025023287,EX-21,"https://www.sec.gov/Archives/edgar/data/1865631/000121390025023287/ex211/2.htm",Heuristic,true,14,2,true,
000186919825000009,EX-21,"https://www.sec.gov/Archives/edgar/data/1869198/000186919825000009/exhibit211subsidiarylist20.htm",Heuristic,true,44,1,true,
000187901625000003,EX-21,"https://www.sec.gov/Archives/edgar/data/1879016/000187901625000003/ie-20241231xex211.htm",Heuristic,true,45,1,true,
000121390025052242,EX-21,"https://www.sec.gov/Archives/edgar/data/1883984/000121390025052242/ea024474001ex21-1/alternus.htm",Heuristic,true,8,1,true,
000121390025091988,EX-21,"https://www.sec.gov/Archives/edgar/data/1892316/000121390025091988/ea025818101ex21/longduo.htm",Heuristic,true,11,1,true,
000143774925009645,EX-21,"https://www.sec.gov/Archives/edgar/data/1902314/000143774925009645/ex/775505.htm",Heuristic,true,4,1,true,
000162828025010947,EX-21,"https://www.sec.gov/Archives/edgar/data/1909747/000162828025010947/exhibit211-subsidiariesoft.htm",Heuristic,true,38,4,true,
000121390025027319,EX-21,"https://www.sec.gov/Archives/edgar/data/1913577/000121390025027319/ea023216501ex21-1/denalicap.htm",Heuristic,true,1,1,true,
000192956125000044,EX-21,"https://www.sec.gov/Archives/edgar/data/1929561/000192956125000044/ex21-subsidiariesoftheregi.htm",Heuristic,true,39,3,true,
000193597925000015,EX-21,"https://www.sec.gov/Archives/edgar/data/1935979/000193597925000015/a202410-kbhvnltdex211q4.htm",Heuristic,true,14,1,true,
000119983525000414,EX-21,"https://www.sec.gov/Archives/edgar/data/1936756/000119983525000414/nbh-ex21/1.htm",Heuristic,true,9,2,true,
000155837025003489,EX-21,"https://www.sec.gov/Archives/edgar/data/1942722/000155837025003489/bgo-20241231xex21d1.htm",Heuristic,true,3,1,true,
000162828025008728,EX-21,"https://www.sec.gov/Archives/edgar/data/1944013/000162828025008728/exhibit21-subsidiariesofcr.htm",Heuristic,true,17,1,true,
000194404825000033,EX-21,"https://www.sec.gov/Archives/edgar/data/1944048/000194404825000033/exhibit21-kenvueincsubsidi.htm",Heuristic,true,37,1,true,
000121390025026215,EX-21,"https://www.sec.gov/Archives/edgar/data/1959023/000121390025026215/ea023621601ex21-1/safe.htm",Heuristic,true,9,1,true,
000001961725000270,EX-21,"https://www.sec.gov/Archives/edgar/data/19617/000001961725000270/corp10k2024exhibit21.htm",Heuristic,true,18,2,true,
000119312525068918,EX-21,"https://www.sec.gov/Archives/edgar/data/1971381/000119312525068918/d888030dex211.htm",Heuristic,true,18,1,true,
000095017025037138,EX-21,"https://www.sec.gov/Archives/edgar/data/1971543/000095017025037138/mura-ex21/1.htm",Heuristic,true,2,1,true,
000121390025064293,EX-21,"https://www.sec.gov/Archives/edgar/data/1975940/000121390025064293/ea024860201ex21-1/fly.htm",Heuristic,true,30,1,true,
000199900125000052,EX-21,"https://www.sec.gov/Archives/edgar/data/1999001/000199900125000052/sixflags-q4x2024xex21subsi.htm",Heuristic,true,42,1,true,
000020040625000038,EX-21,"https://www.sec.gov/Archives/edgar/data/200406/000020040625000038/ex21-subsidiariesxform10xk.htm",Heuristic,true,48,4,true,
000093041325000900,EX-21,"https://www.sec.gov/Archives/edgar/data/2008748/000093041325000900/c111957/ex21-1.htm",Heuristic,true,2,1,true,
000119312525049864,EX-21,"https://www.sec.gov/Archives/edgar/data/2030772/000119312525049864/d936473dex211.htm",Heuristic,true,13,1,true,
000095017025030795,EX-21,"https://www.sec.gov/Archives/edgar/data/203596/000095017025030795/wsbc-ex21.htm",Heuristic,true,25,1,true,
000021546625000009,EX-21,"https://www.sec.gov/Archives/edgar/data/215466/000021546625000009/cde-12312410kex21.htm",Heuristic,true,34,1,true,
000002454525000007,EX-21,"https://www.sec.gov/Archives/edgar/data/24545/000002454525000007/tapex21/2024123110-k.htm",Heuristic,true,27,1,true,
000000248825000012,EX-21,"https://www.sec.gov/Archives/edgar/data/2488/000000248825000012/ex21-10kfy2412/28.htm",Heuristic,true,47,1,true,
000143774925021205,EX-21,"https://www.sec.gov/Archives/edgar/data/25895/000143774925021205/ex/832207.htm",Heuristic,true,3,2,true,
000155837025003413,EX-21,"https://www.sec.gov/Archives/edgar/data/29534/000155837025003413/dg-20250131xex21.htm",Heuristic,true,52,1,true,
000143774925024450,EX-21,"https://www.sec.gov/Archives/edgar/data/310354/000143774925024450/ex/805242.htm",Heuristic,true,27,1,true,
000031521325000007,EX-21,"https://www.sec.gov/Archives/edgar/data/315213/000031521325000007/rhi10k2024ex211.htm",Heuristic,true,26,1,true,
000155837025001782,EX-21,"https://www.sec.gov/Archives/edgar/data/315709/000155837025001782/iboc-20241231xex21.htm",Heuristic,true,14,1,true,
000162828025031628,EX-21,"https://www.sec.gov/Archives/edgar/data/317788/000162828025031628/form10-kxexhibit211fy2025.htm",Heuristic,true,38,1,true,
000173112225001281,EX-21,"https://www.sec.gov/Archives/edgar/data/355019/000173112225001281/fonar/exhibit-21.htm",Heuristic,true,4,1,true,
000155837025001943,EX-21,"https://www.sec.gov/Archives/edgar/data/36377/000155837025001943/fhb-20241231xex21d1.htm",Heuristic,true,3,1,true,
000118518525000806,EX-21,"https://www.sec.gov/Archives/edgar/data/39020/000118518525000806/feimex21.htm",Heuristic,true,5,1,true,
000143774925001699,EX-21,"https://www.sec.gov/Archives/edgar/data/39368/000143774925001699/ex/737508.htm",Heuristic,true,30,1,true,
000005086325000009,EX-21,"https://www.sec.gov/Archives/edgar/data/50863/000005086325000009/a12282024-ex211.htm",Heuristic,true,28,3,true,
000005952725000006,EX-21,"https://www.sec.gov/Archives/edgar/data/59527/000005952725000006/leco-20241231xex21.htm",Heuristic,true,38,1,true,
000000628125000153,EX-21,"https://www.sec.gov/Archives/edgar/data/6281/000000628125000153/adify2510k-ex21subsidiaries.htm",Heuristic,true,35,4,true,
000143774925010266,EX-21,"https://www.sec.gov/Archives/edgar/data/63330/000143774925010266/ex/793327.htm",Heuristic,true,5,1,true,
000101376225004385,EX-21,"https://www.sec.gov/Archives/edgar/data/65596/000101376225004385/ea023558901ex21-1/siebert.htm",Heuristic,true,7,3,true,
000006674025000006,EX-21,"https://www.sec.gov/Archives/edgar/data/66740/000006674025000006/a2024exhibit2110k.htm",Heuristic,true,35,1,true,
000006675625000013,EX-21,"https://www.sec.gov/Archives/edgar/data/66756/000006675625000013/exhibit2112-31x2024.htm",Heuristic,true,50,1,true,
000162828025054103,EX-21,"https://www.sec.gov/Archives/edgar/data/67887/000162828025054103/exhibit21nov2625.htm",Heuristic,true,45,1,true,
000162828025056742,EX-21,"https://www.sec.gov/Archives/edgar/data/6951/000162828025056742/ex21/amatq42025q4.htm",Heuristic,true,21,1,true,
000070198525000011,EX-21,"https://www.sec.gov/Archives/edgar/data/701985/000070198525000011/bbwi21202510kexhibit21.htm",Heuristic,true,12,1,true,
000155837025002406,EX-21,"https://www.sec.gov/Archives/edgar/data/712770/000155837025002406/olp-20241231xex21d1.htm",Heuristic,true,57,2,true,
000007169125000047,EX-21,"https://www.sec.gov/Archives/edgar/data/71691/000007169125000047/ex21/12312024.htm",Heuristic,true,40,3,true,
000143774925010228,EX-21,"https://www.sec.gov/Archives/edgar/data/719402/000143774925010228/ex/763638.htm",Heuristic,true,8,2,true,
000072325425000017,EX-21,"https://www.sec.gov/Archives/edgar/data/723254/000072325425000017/exhibit21-subsidiaries2025.htm",Heuristic,true,28,1,true,
000007290325000029,EX-21,"https://www.sec.gov/Archives/edgar/data/72903/000007290325000029/xcelex2101q42024.htm",Heuristic,true,18,2,true,
000073026325000019,EX-21,"https://www.sec.gov/Archives/edgar/data/730263/000073026325000019/tho7312025exhibit211.htm",Heuristic,true,39,1,true,
000073271725000013,EX-21,"https://www.sec.gov/Archives/edgar/data/732717/000073271725000013/ex-21ye2024.htm",Heuristic,true,10,1,true,
000141057825000216,EX-21,"https://www.sec.gov/Archives/edgar/data/744218/000141057825000216/cldx-20241231xex21d1.htm",Heuristic,true,1,1,true,
000074659825000045,EX-21,"https://www.sec.gov/Archives/edgar/data/746598/000074659825000045/brc-20250731xex21.htm",Heuristic,true,51,1,true,
000007528825000033,EX-21,"https://www.sec.gov/Archives/edgar/data/75288/000007528825000033/oxm-20250201xexx21.htm",Heuristic,true,45,1,true,
000143774925028862,EX-21,"https://www.sec.gov/Archives/edgar/data/763532/000143774925028862/ex/859535.htm",Heuristic,true,16,1,true,
000007754325000025,EX-21,"https://www.sec.gov/Archives/edgar/data/77543/000007754325000025/tpc-20241231xex21.htm",Heuristic,true,21,1,true,
000077686725000003,EX-21,"https://www.sec.gov/Archives/edgar/data/776867/000077686725000003/wtm10-k2024exhibit21.htm",Heuristic,true,58,1,true,
000078332425000008,EX-21,"https://www.sec.gov/Archives/edgar/data/783324/000078332425000008/vgz-20241231xex21.htm",Heuristic,true,6,1,true,
000010781525000103,EX-21,"https://www.sec.gov/Archives/edgar/data/783325/000010781525000103/a2024wec10kexhibit211.htm",Heuristic,true,48,1,true,
000078555725000159,EX-21,"https://www.sec.gov/Archives/edgar/data/785557/000078555725000159/ex21.htm",Heuristic,true,5,1,true,
000143774925029731,EX-21,"https://www.sec.gov/Archives/edgar/data/787253/000143774925029731/ex/819848.htm",Heuristic,true,2,1,true,
000007889025000059,EX-21,"https://www.sec.gov/Archives/edgar/data/78890/000007889025000059/a2024q4subsidiarylist.htm",Heuristic,true,36,1,true,
000107997325001426,EX-21,"https://www.sec.gov/Archives/edgar/data/788920/000107997325001426/ex21.htm",Heuristic,true,1,1,true,
000162828025014315,EX-21,"https://www.sec.gov/Archives/edgar/data/794367/000162828025014315/m-20250201xex21.htm",Heuristic,true,25,1,true,
000079461925000061,EX-21,"https://www.sec.gov/Archives/edgar/data/794619/000079461925000061/ex-21x2025430.htm",Heuristic,true,10,1,true,
000079526625000014,EX-21,"https://www.sec.gov/Archives/edgar/data/795266/000079526625000014/kbh-11302024x10kexhibit21.htm",Heuristic,true,37,2,true,
000079634325000004,EX-21,"https://www.sec.gov/Archives/edgar/data/796343/000079634325000004/adbeex211fy24.htm",Heuristic,true,42,1,true,
000117184325007594,EX-21,"https://www.sec.gov/Archives/edgar/data/796505/000117184325007594/ex/889271.htm",Heuristic,true,3,1,true,
000079894125000010,EX-21,"https://www.sec.gov/Archives/edgar/data/798941/000079894125000010/fcnca/exx21xsubsidiaries12.htm",Heuristic,true,7,1,true,
000117184325001658,EX-21,"https://www.sec.gov/Archives/edgar/data/806517/000117184325001658/ex/790156.htm",Heuristic,true,4,1,true,
000119312525020826,EX-21,"https://www.sec.gov/Archives/edgar/data/818686/000119312525020826/d865574dex21.htm",Heuristic,true,30,1,true,
000082554225000022,EX-21,"https://www.sec.gov/Archives/edgar/data/825542/000082554225000022/exhibit21smg20250930.htm",Heuristic,true,26,3,true,
000083248025000006,EX-21,"https://www.sec.gov/Archives/edgar/data/832480/000083248025000006/listofsubsidiaries.htm",Heuristic,true,16,2,true,
000155837025011716,EX-21,"https://www.sec.gov/Archives/edgar/data/842023/000155837025011716/tech-20250630xex21.htm",Heuristic,true,11,1,true,
000155837025001301,EX-21,"https://www.sec.gov/Archives/edgar/data/84246/000155837025001301/rli-20241231xex21d1.htm",Heuristic,true,6,1,true,
000084300625000012,EX-21,"https://www.sec.gov/Archives/edgar/data/843006/000084300625000012/accs/ex211.htm",Heuristic,true,7,1,true,
000084986925000029,EX-21,"https://www.sec.gov/Archives/edgar/data/849869/000084986925000029/ex-21x20241231.htm",Heuristic,true,45,2,true,
000008553525000012,EX-21,"https://www.sec.gov/Archives/edgar/data/85535/000008553525000012/rgld-20241231xex211royalgo.htm",Heuristic,true,15,2,true,
000008631225000012,EX-21,"https://www.sec.gov/Archives/edgar/data/86312/000008631225000012/trv-12312024x10kxex211.htm",Heuristic,true,43,2,true,
000110465925102611,EX-21,"https://www.sec.gov/Archives/edgar/data/866787/000110465925102611/azo-20250830xex21d1.htm",Heuristic,true,13,1,true,
000095017025029973,EX-21,"https://www.sec.gov/Archives/edgar/data/873303/000095017025029973/srpt-ex21/1.htm",Heuristic,true,7,1,true,
000117184325007481,EX-21,"https://www.sec.gov/Archives/edgar/data/875582/000117184325007481/ex/886679.htm",Heuristic,true,13,1,true,
000162828025004633,EX-21,"https://www.sec.gov/Archives/edgar/data/879169/000162828025004633/exhibit211-12312024.htm",Heuristic,true,28,1,true,
000121465925003503,EX-21,"https://www.sec.gov/Archives/edgar/data/880631/000121465925003503/ex21/1.htm",Heuristic,true,26,1,true,
000008812125000017,EX-21,"https://www.sec.gov/Archives/edgar/data/88121/000008812125000017/seb-20241231xex21.htm",Heuristic,true,39,1,true,
000088356925000010,EX-21,"https://www.sec.gov/Archives/edgar/data/883569/000088356925000010/fosl-20241228xex211.htm",Heuristic,true,38,1,true,
000088398425000007,EX-21,"https://www.sec.gov/Archives/edgar/data/883984/000088398425000007/exhibit21subsidiariesofreg.htm",Heuristic,true,45,1,true,
000114036125006750,EX-21,"https://www.sec.gov/Archives/edgar/data/885978/000114036125006750/ef20039045/ex21-1.htm",Heuristic,true,297,1,true,
000155837025004153,EX-21,"https://www.sec.gov/Archives/edgar/data/886136/000155837025004153/sga-20241231xex21.htm",Heuristic,true,23,1,true,
000088616325000012,EX-21,"https://www.sec.gov/Archives/edgar/data/886163/000088616325000012/lgnd/123124xexhibit211.htm",Heuristic,true,13,1,true,
000107261325000246,EX-21,"https://www.sec.gov/Archives/edgar/data/887396/000107261325000246/exh21/18938.htm",Heuristic,true,13,1,true,
000155837025001395,EX-21,"https://www.sec.gov/Archives/edgar/data/887905/000155837025001395/ltc-20241231xex21.htm",Heuristic,true,38,2,true,
000089101425000018,EX-21,"https://www.sec.gov/Archives/edgar/data/891014/000089101425000018/exhibit21/1.htm",Heuristic,true,49,1,true,
000008943925000010,EX-21,"https://www.sec.gov/Archives/edgar/data/89439/000008943925000010/q42024exhibit21.htm",Heuristic,true,43,1,true,
000114036125008828,EX-21,"https://www.sec.gov/Archives/edgar/data/894671/000114036125008828/sec10k123124ex21.htm",Heuristic,true,4,1,true,
000117184325001486,EX-21,"https://www.sec.gov/Archives/edgar/data/898437/000117184325001486/ex/786456.htm",Heuristic,true,3,1,true,
000095017025021145,EX-21,"https://www.sec.gov/Archives/edgar/data/899629/000095017025021145/akr-ex21/1.htm",Heuristic,true,61,1,true,
000143774925004757,EX-21,"https://www.sec.gov/Archives/edgar/data/906553/000143774925004757/ex/730806.htm",Heuristic,true,73,1,true,
000121390025021165,EX-21,"https://www.sec.gov/Archives/edgar/data/907654/000121390025021165/ea023044501ex21-1/orukathe.htm",Heuristic,true,2,1,true,
000091114725000010,EX-21,"https://www.sec.gov/Archives/edgar/data/911147/000091114725000010/cnty-20241231xex21.htm",Heuristic,true,28,1,true,
000091117725000010,EX-21,"https://www.sec.gov/Archives/edgar/data/911177/000091117725000010/cwst-ex211123124k.htm",Heuristic,true,66,2,true,
000143774925004700,EX-21,"https://www.sec.gov/Archives/edgar/data/912061/000143774925004700/ex/726749.htm",Heuristic,true,19,1,true,
000091209325000096,EX-21,"https://www.sec.gov/Archives/edgar/data/912093/000091209325000096/viavq4fy25ex2x211xsubsidia.htm",Heuristic,true,38,1,true,
000162828025006557,EX-21,"https://www.sec.gov/Archives/edgar/data/912766/000162828025006557/exhibit211-listofsubsidiar.htm",Heuristic,true,42,1,true,
000162828025009503,EX-21,"https://www.sec.gov/Archives/edgar/data/913241/000162828025009503/shoo-20241231xex2101.htm",Heuristic,true,34,1,true,
000091420825000114,EX-21,"https://www.sec.gov/Archives/edgar/data/914208/000091420825000114/ivz10k2024ex210.htm",Heuristic,true,34,1,true,
000143774925004742,EX-21,"https://www.sec.gov/Archives/edgar/data/917470/000143774925004742/ex/698999.htm",Heuristic,true,17,1,true,
000091854125000018,EX-21,"https://www.sec.gov/Archives/edgar/data/918541/000091854125000018/exhibit2112024-q4.htm",Heuristic,true,36,1,true,
000155837025003406,EX-21,"https://www.sec.gov/Archives/edgar/data/921114/000155837025003406/armp-20241231xex21d1.htm",Heuristic,true,5,1,true,
000155837025002370,EX-21,"https://www.sec.gov/Archives/edgar/data/921557/000155837025002370/rbcaa-20241231xex21.htm",Heuristic,true,4,1,true,
000143774925009397,EX-21,"https://www.sec.gov/Archives/edgar/data/925741/000143774925009397/ex/792556.htm",Heuristic,true,1,1,true,
000092632625000003,EX-21,"https://www.sec.gov/Archives/edgar/data/926326/000092632625000003/exhibit211q4-24.htm",Heuristic,true,18,1,true,
000143774925013105,EX-21,"https://www.sec.gov/Archives/edgar/data/926423/000143774925013105/ex/752155.htm",Heuristic,true,7,1,true,
000155837025003137,EX-21,"https://www.sec.gov/Archives/edgar/data/928340/000155837025003137/cwco-20241231xex21d1.htm",Heuristic,true,14,1,true,
000110465925108504,EX-21,"https://www.sec.gov/Archives/edgar/data/928465/000110465925108504/dit-20250930xex21d1.htm",Heuristic,true,17,2,true,
000095017025026866,EX-21,"https://www.sec.gov/Archives/edgar/data/940942/000095017025026866/hubg-ex21.htm",Heuristic,true,27,1,true,
000094584125000032,EX-21,"https://www.sec.gov/Archives/edgar/data/945841/000094584125000032/exhibit211/2024.htm",Heuristic,true,32,1,true,
000143774925006986,EX-21,"https://www.sec.gov/Archives/edgar/data/945983/000143774925006986/ex/675282.htm",Heuristic,true,17,1,true,
000164117225000847,EX-21,"https://www.sec.gov/Archives/edgar/data/946644/000164117225000847/ex21-1.htm",Heuristic,true,4,1,true,
000143774925005487,EX-21,"https://www.sec.gov/Archives/edgar/data/98222/000143774925005487/ex/745161.htm",Heuristic,true,47,1,true,
000155837025001926,EX-21,"https://www.sec.gov/Archives/edgar/data/98677/000155837025001926/tr-20241231xex21.htm",Heuristic,true,38,1,true,
000119312525101730,EX-8,"https://www.sec.gov/Archives/edgar/data/1015650/000119312525101730/d877090dex81.htm",Heuristic,true,21,1,true,
000165495425012195,EX-8,"https://www.sec.gov/Archives/edgar/data/1034957/000165495425012195/cresud/ex81.htm",Heuristic,true,28,2,true,
000162828025018102,EX-8,"https://www.sec.gov/Archives/edgar/data/1041792/000162828025018102/exhibit81-listofsubsidiari.htm",Heuristic,true,51,2,true,
000119312525319187,EX-8,"https://www.sec.gov/Archives/edgar/data/1062579/000119312525319187/dox-ex8.htm",Heuristic,true,11,1,true,
000119312525097693,EX-8,"https://www.sec.gov/Archives/edgar/data/1076378/000119312525097693/d905381dex81.htm",Heuristic,true,36,1,true,
000117184325004718,EX-8,"https://www.sec.gov/Archives/edgar/data/1095435/000117184325004718/exh/81.htm",Heuristic,true,11,1,true,
000129281425001352,EX-8,"https://www.sec.gov/Archives/edgar/data/1119639/000129281425001352/ex08-1.htm",Heuristic,true,19,2,true,
000119312525064603,EX-8,"https://www.sec.gov/Archives/edgar/data/1122411/000119312525064603/d889608dex8.htm",Heuristic,true,32,1,true,
000129281425001796,EX-8,"https://www.sec.gov/Archives/edgar/data/1122491/000129281425001796/ex08-1.htm",Heuristic,true,47,1,true,
000157587225000393,EX-8,"https://www.sec.gov/Archives/edgar/data/1135951/000157587225000393/rdy0757/ex8.htm",Heuristic,true,63,1,true,
000119312525158722,EX-8,"https://www.sec.gov/Archives/edgar/data/1144967/000119312525158722/d854075dex8.htm",Heuristic,true,13,1,true,
000115950825000020,EX-8,"https://www.sec.gov/Archives/edgar/data/1159508/000115950825000020/db2025031381.htm",Heuristic,true,30,1,true,
000129281425001244,EX-8,"https://www.sec.gov/Archives/edgar/data/1160330/000129281425001244/ex08-1.htm",Heuristic,true,28,1,true,
000117891325001815,EX-8,"https://www.sec.gov/Archives/edgar/data/1166834/000117891325001815/exhibit/8-1.htm",Heuristic,true,11,1,true,
000119312525165500,EX-8,"https://www.sec.gov/Archives/edgar/data/1179821/000119312525165500/d81203dex81.htm",Heuristic,true,10,1,true,
000155485525000262,EX-8,"https://www.sec.gov/Archives/edgar/data/1190723/000155485525000262/ex81/2.htm",Heuristic,true,26,1,true,
000120717925000005,EX-8,"https://www.sec.gov/Archives/edgar/data/1207179/000120717925000005/glng-12312024xex81.htm",Heuristic,true,11,1,true,
000121390025036914,EX-8,"https://www.sec.gov/Archives/edgar/data/1221029/000121390025036914/ea023760601ex8-1/cementos.htm",Heuristic,true,10,1,true,
000130696525000007,EX-8,"https://www.sec.gov/Archives/edgar/data/1306965/000130696525000007/a2024exhibits-81.htm",Heuristic,true,49,1,true,
000117891325001021,EX-8,"https://www.sec.gov/Archives/edgar/data/1338940/000117891325001021/exhibit/8-1.htm",Heuristic,true,5,2,true,
000106299325008252,EX-8,"https://www.sec.gov/Archives/edgar/data/1346917/000106299325008252/exhibit8-1.htm",Heuristic,true,1,1,true,
000119312525069283,EX-8,"https://www.sec.gov/Archives/edgar/data/1355444/000119312525069283/d914513dex81.htm",Heuristic,true,39,1,true,
000141057825000277,EX-8,"https://www.sec.gov/Archives/edgar/data/1369241/000141057825000277/dac-20241231xex8.htm",Heuristic,true,41,1,true,
000119312525216394,EX-8,"https://www.sec.gov/Archives/edgar/data/1372920/000119312525216394/d138902dex81.htm",Heuristic,true,16,1,true,
000141057825001046,EX-8,"https://www.sec.gov/Archives/edgar/data/1375877/000141057825001046/csiq-20241231xex8d1.htm",Heuristic,true,24,1,true,
000155485525000406,EX-8,"https://www.sec.gov/Archives/edgar/data/1430162/000155485525000406/ex81/3.htm",Heuristic,true,53,3,true,
000114036125009158,EX-8,"https://www.sec.gov/Archives/edgar/data/1430725/000114036125009158/exhibit81.htm",Heuristic,true,95,1,true,
000129281425001504,EX-8,"https://www.sec.gov/Archives/edgar/data/1469395/000129281425001504/ex08-1.htm",Heuristic,true,18,2,true,
000117891325000706,EX-8,"https://www.sec.gov/Archives/edgar/data/1504379/000117891325000706/exhibit/8-1.htm",Heuristic,true,10,1,true,
000141057825000905,EX-8,"https://www.sec.gov/Archives/edgar/data/1508475/000141057825000905/vnet-20241231xex8d1.htm",Heuristic,true,54,1,true,
000141057825000871,EX-8,"https://www.sec.gov/Archives/edgar/data/1510593/000141057825000871/xnet-20241231xex8d1.htm",Heuristic,true,15,1,true,
000119312525083473,EX-8,"https://www.sec.gov/Archives/edgar/data/1549802/000119312525083473/d871796dex81.htm",Heuristic,true,35,1,true,
000110465925033744,EX-8,"https://www.sec.gov/Archives/edgar/data/1578453/000110465925033744/dlng-20241231xex8d1.htm",Heuristic,true,12,1,true,
000147793225003802,EX-8,"https://www.sec.gov/Archives/edgar/data/1588084/000147793225003802/tanh/ex81.htm",Heuristic,true,15,1,true,
000160448125000004,EX-8,"https://www.sec.gov/Archives/edgar/data/1604481/000160448125000004/a8-1exhibit2024.htm",Heuristic,true,40,1,true,
000160548425000013,EX-8,"https://www.sec.gov/Archives/edgar/data/1605484/000160548425000013/exhibit8120241231-subsidia.htm",Heuristic,true,44,1,true,
000155837025002851,EX-8,"https://www.sec.gov/Archives/edgar/data/1612940/000155837025002851/tmb-20241231xex8d1.htm",Heuristic,true,11,1,true,
000141057825000931,EX-8,"https://www.sec.gov/Archives/edgar/data/1631761/000141057825000931/yrd-20241231xex8d1.htm",Heuristic,true,38,1,true,
000169051125000011,EX-8,"https://www.sec.gov/Archives/edgar/data/1690511/000169051125000011/exhibit81fy2025.htm",Heuristic,true,20,1,true,
000129281425001517,EX-8,"https://www.sec.gov/Archives/edgar/data/1691493/000129281425001517/ex08-1.htm",Heuristic,true,37,1,true,
000141057825000996,EX-8,"https://www.sec.gov/Archives/edgar/data/1697818/000141057825000996/ambr-20241231xex8d1.htm",Heuristic,true,26,1,true,
000162828025020808,EX-8,"https://www.sec.gov/Archives/edgar/data/1703141/000162828025020808/desp-20241231xexx81.htm",Heuristic,true,27,1,true,
000162828025014832,EX-8,"https://www.sec.gov/Archives/edgar/data/1708441/000162828025014832/exhibit81-significantsubsi.htm",Heuristic,true,11,1,true,
000129281425001097,EX-8,"https://www.sec.gov/Archives/edgar/data/1713930/000129281425001097/ex8.htm",Heuristic,true,27,1,true,
000141057825000903,EX-8,"https://www.sec.gov/Archives/edgar/data/1720446/000141057825000903/zepp-20241231xex8d1.htm",Heuristic,true,19,2,true,
000141057825000661,EX-8,"https://www.sec.gov/Archives/edgar/data/1736541/000141057825000661/nio-20241231xex8d1.htm",Heuristic,true,27,1,true,
000141057825000951,EX-8,"https://www.sec.gov/Archives/edgar/data/1737806/000141057825000951/pdd-20241231xex8d1.htm",Heuristic,true,17,2,true,
000121390025021907,EX-8,"https://www.sec.gov/Archives/edgar/data/1738758/000121390025021907/ea023323301ex8-1/cheerhold.htm",Heuristic,true,10,1,true,
000095017025058942,EX-8,"https://www.sec.gov/Archives/edgar/data/1743102/000095017025058942/jfin-ex8/1.htm",Heuristic,true,15,1,true,
000095017025100536,EX-8,"https://www.sec.gov/Archives/edgar/data/1743971/000095017025100536/mogu-ex8/1.htm",Heuristic,true,9,1,true,
000141057825000798,EX-8,"https://www.sec.gov/Archives/edgar/data/1744781/000141057825000798/niu-20241231xex8d1.htm",Heuristic,true,5,1,true,
000121390025104179,EX-8,"https://www.sec.gov/Archives/edgar/data/1769768/000121390025104179/ea026248701ex8-1/ehomehouse.htm",Heuristic,true,10,1,true,
000121390025033934,EX-8,"https://www.sec.gov/Archives/edgar/data/1770088/000121390025033934/ea023733201ex8-1/wimiho.htm",Heuristic,true,11,1,true,
000129281425001707,EX-8,"https://www.sec.gov/Archives/edgar/data/1771007/000129281425001707/ex08-1.htm",Heuristic,true,28,1,true,
000165495425003516,EX-8,"https://www.sec.gov/Archives/edgar/data/1771885/000165495425003516/qntm/ex81.htm",Heuristic,true,8,1,true,
000141057825000855,EX-8,"https://www.sec.gov/Archives/edgar/data/1780531/000141057825000855/ocft-20241231xex8d1.htm",Heuristic,true,35,1,true,
000121390025044226,EX-8,"https://www.sec.gov/Archives/edgar/data/1780731/000121390025044226/ea024004601ex8-1/sunrise.htm",Heuristic,true,12,2,true,
000162828025019508,EX-8,"https://www.sec.gov/Archives/edgar/data/1787425/000162828025019508/exhibit81.htm",Heuristic,true,47,1,true,
000141057825000678,EX-8,"https://www.sec.gov/Archives/edgar/data/1791706/000141057825000678/li-20241231xex8d1.htm",Heuristic,true,11,1,true,
000155485525000369,EX-8,"https://www.sec.gov/Archives/edgar/data/1792829/000155485525000369/ex81/2.htm",Heuristic,true,6,1,true,
000121390025036049,EX-8,"https://www.sec.gov/Archives/edgar/data/1804469/000121390025036049/ea023671501ex8-1/guardforce.htm",Heuristic,true,23,1,true,
000121390025037603,EX-8,"https://www.sec.gov/Archives/edgar/data/1806524/000121390025037603/ea023953501ex8-1/lion.htm",Heuristic,true,17,1,true,
000121390025004698,EX-8,"https://www.sec.gov/Archives/edgar/data/1806904/000121390025004698/ea022779301ex8-1/ezgotech.htm",Heuristic,true,11,1,true,
000121390025111512,EX-8,"https://www.sec.gov/Archives/edgar/data/1807389/000121390025111512/ea026391801ex8-1/popcult.htm",Heuristic,true,21,1,true,
000121390025018782,EX-8,"https://www.sec.gov/Archives/edgar/data/1809691/000121390025018782/ea023171901ex8-1/amtd.htm",Heuristic,true,21,1,true,
000182481425000018,EX-8,"https://www.sec.gov/Archives/edgar/data/1824814/000182481425000018/exhibit81fye251.htm",Heuristic,true,19,1,true,
000121390025013985,EX-8,"https://www.sec.gov/Archives/edgar/data/1826376/000121390025013985/ea022971101ex8-1/goldensun.htm",Heuristic,true,16,2,true,
000121390025062769,EX-8,"https://www.sec.gov/Archives/edgar/data/1836242/000121390025062769/ea024699401ex8-1/tokyo.htm",Heuristic,true,11,1,true,
000119312525079553,EX-8,"https://www.sec.gov/Archives/edgar/data/1838413/000119312525079553/d873796dex81.htm",Heuristic,true,45,1,true,
000185561225000013,EX-8,"https://www.sec.gov/Archives/edgar/data/1855612/000185561225000013/grab-20241231xex81xlistofs.htm",Heuristic,true,20,1,true,
000121390025017221,EX-8,"https://www.sec.gov/Archives/edgar/data/1863006/000121390025017221/ea023115701ex8-1/valens.htm",Heuristic,true,5,1,true,
000155485525000232,EX-8,"https://www.sec.gov/Archives/edgar/data/1868995/000155485525000232/ex81/2.htm",Heuristic,true,22,1,true,
000119312525104005,EX-8,"https://www.sec.gov/Archives/edgar/data/1876581/000119312525104005/d842389dex8.htm",Heuristic,true,21,1,true,
000121390025036244,EX-8,"https://www.sec.gov/Archives/edgar/data/1876766/000121390025036244/ea023910501ex8-1/lichen.htm",Heuristic,true,6,1,true,
000121390025025843,EX-8,"https://www.sec.gov/Archives/edgar/data/1885408/000121390025025843/ea023464801ex8-1/jeffs.htm",Heuristic,true,7,1,true,
000121390025038038,EX-8,"https://www.sec.gov/Archives/edgar/data/1905660/000121390025038038/ea023777601ex8-1/hubcyber.htm",Heuristic,true,9,2,true,
000141057825000943,EX-8,"https://www.sec.gov/Archives/edgar/data/1913510/000141057825000943/vfs-20241231xex8d1.htm",Heuristic,true,25,1,true,
000192244625000003,EX-8,"https://www.sec.gov/Archives/edgar/data/1922446/000192244625000003/exhibit81.htm",Heuristic,true,55,1,true,
000121390025044284,EX-8,"https://www.sec.gov/Archives/edgar/data/1939780/000121390025044284/ea023947801ex8-1/upower.htm",Heuristic,true,19,1,true,
000155485525002351,EX-8,"https://www.sec.gov/Archives/edgar/data/1945711/000155485525002351/ex81/2.htm",Heuristic,true,57,1,true,
000101376225003608,EX-8,"https://www.sec.gov/Archives/edgar/data/1953021/000101376225003608/ea023442501ex8-1/mega.htm",Heuristic,true,7,1,true,
000121390025059716,EX-8,"https://www.sec.gov/Archives/edgar/data/1959224/000121390025059716/ea024700501ex8-1/solowin.htm",Heuristic,true,4,1,true,
000164117225009662,EX-8,"https://www.sec.gov/Archives/edgar/data/1966233/000164117225009662/ex8-1.htm",Heuristic,true,12,2,true,
000196937325000010,EX-8,"https://www.sec.gov/Archives/edgar/data/1969373/000196937325000010/exhibit811.htm",Heuristic,true,11,1,true,
000121390025076877,EX-8,"https://www.sec.gov/Archives/edgar/data/1969928/000121390025076877/ea025260701ex8-1/ctrlgroup.htm",Heuristic,true,3,1,true,
000197323925000016,EX-8,"https://www.sec.gov/Archives/edgar/data/1973239/000197323925000016/ex81-subsidiariesofarmhold.htm",Heuristic,true,11,1,true,
000119312525323599,EX-8,"https://www.sec.gov/Archives/edgar/data/1977102/000119312525323599/birk-ex8/1.htm",Heuristic,true,13,1,true,
000121390025035802,EX-8,"https://www.sec.gov/Archives/edgar/data/1982708/000121390025035802/ea023849701ex8-1/anbio.htm",Heuristic,true,11,1,true,
000121390025035542,EX-8,"https://www.sec.gov/Archives/edgar/data/1989930/000121390025035542/ea023869301ex8-1/founder.htm",Heuristic,true,5,1,true,
000121390025037427,EX-8,"https://www.sec.gov/Archives/edgar/data/1997201/000121390025037427/ea023891601ex8-1/psinter.htm",Heuristic,true,6,1,true,
000121390025104178,EX-8,"https://www.sec.gov/Archives/edgar/data/1999297/000121390025104178/ea026240701ex8-1/bigtree.htm",Heuristic,true,7,1,true,
000121390025061408,EX-8,"https://www.sec.gov/Archives/edgar/data/2000366/000121390025061408/ea024751901ex8-1/scage.htm",Heuristic,true,8,2,true,
000121390025109038,EX-8,"https://www.sec.gov/Archives/edgar/data/2003061/000121390025109038/ea025990401ex8-1/star.htm",Heuristic,true,5,1,true,
000141057825001910,EX-8,"https://www.sec.gov/Archives/edgar/data/314590/000141057825001910/ssl-20250630xex8d1.htm",Heuristic,true,16,1,true,
000107997325000827,EX-8,"https://www.sec.gov/Archives/edgar/data/793628/000107997325000827/ex8.htm",Heuristic,true,11,1,true,
000162828025015363,EX-8,"https://www.sec.gov/Archives/edgar/data/806968/000162828025015363/exhibit81listofsubsidiarie.htm",Heuristic,true,56,1,true,
000119312525185641,EX-8,"https://www.sec.gov/Archives/edgar/data/811809/000119312525185641/d941636dex81.htm",Heuristic,true,47,1,true,
000106299325012045,EX-8,"https://www.sec.gov/Archives/edgar/data/831609/000106299325012045/exhibit8-1.htm",Heuristic,true,14,1,true,
000129281425001738,EX-8,"https://www.sec.gov/Archives/edgar/data/888746/000129281425001738/ex08-1.htm",Heuristic,true,4,1,true,
000129281425001137,EX-8,"https://www.sec.gov/Archives/edgar/data/917851/000129281425001137/ex08.htm",Heuristic,true,41,2,true,
000119312525054371,EX-8,"https://www.sec.gov/Archives/edgar/data/938323/000119312525054371/d854846dex81.htm",Heuristic,true,43,1,true,
000117891325000821,EX-8,"https://www.sec.gov/Archives/edgar/data/941221/000117891325000821/exhibit/8-1.htm",Heuristic,true,33,1,true,